"Table 5: Local Authority: Gross Domestic Product (GDP) at current market prices, pounds million",,,,,,,,,,,,,,,,,,,,,,,,,,
ITL1 Region,LA code,LA name,1998,1999,2000,2001,2002,2003,2004,2005,2006,2007,2008,2009,2010,2011,2012,2013,2014,2015,2016,2017,2018,2019,2020,2021
North East,E06000001,Hartlepool,908,961,981,992,"1,047","1,106","1,152","1,196","1,250","1,313","1,342","1,310","1,346","1,397","1,410","1,462","1,447","1,518","1,639","1,664","1,645","1,692","1,661","1,702"
North East,E06000004,Stockton-on-Tees,"2,855","2,989","3,081","3,130","3,296","3,539","3,798","3,919","4,202","4,430","4,495","4,611","4,646","4,682","4,742","4,916","5,080","5,384","5,464","5,407","5,521","5,818","5,551","6,074"
North East,E06000002,Middlesbrough,"1,699","1,774","1,825","1,843","1,916","2,033","2,186","2,331","2,468","2,546","2,614","2,636","2,624","2,698","2,752","2,744","2,838","2,964","3,094","3,206","3,405","3,414","3,107","3,508"
North East,E06000003,Redcar and Cleveland,"1,457","1,485","1,526","1,509","1,553","1,706","1,738","1,781","1,802","1,831","1,943","1,897","1,991","2,019","2,046","2,062","2,130","2,204","2,149","2,026","2,123","2,225","2,169","2,271"
North East,E06000005,Darlington,"1,675","1,721","1,853","1,960","2,087","2,222","2,370","2,362","2,406","2,379","2,504","2,362","2,448","2,535","2,541","2,567","2,849","3,019","2,892","2,881","2,878","2,858","2,630","2,790"
North East,E06000047,County Durham,"5,359","5,642","5,810","5,972","6,287","6,706","7,207","7,516","7,992","8,334","8,609","8,630","8,785","8,775","8,992","9,110","9,170","9,317","9,431","9,706","10,263","10,708","10,174","11,018"
North East,E06000057,Northumberland,"3,484","3,516","3,588","3,724","4,008","4,162","4,447","4,625","4,843","4,973","5,113","4,964","5,165","5,275","5,343","5,391","5,562","5,684","5,906","6,056","6,175","6,511","6,098","6,557"
North East,E08000021,Newcastle upon Tyne,"4,734","4,729","4,883","5,256","5,658","5,980","6,555","6,968","7,350","7,452","7,471","7,393","7,732","8,079","8,477","8,551","8,780","9,328","9,632","10,094","10,166","10,500","9,716","10,460"
North East,E08000022,North Tyneside,"2,318","2,369","2,424","2,636","2,909","3,038","3,280","3,425","3,531","3,635","3,769","3,628","3,759","3,910","3,998","4,016","4,193","4,381","4,559","4,915","5,141","5,218","4,994","5,427"
North East,E08000023,South Tyneside,"1,324","1,338","1,377","1,433","1,494","1,569","1,684","1,759","1,828","1,866","1,918","1,803","1,895","1,969","2,109","2,149","2,268","2,282","2,247","2,276","2,306","2,401","2,177","2,429"
North East,E08000037,Gateshead,"2,919","2,959","3,040","3,175","3,385","3,552","3,829","4,051","4,256","4,347","4,335","4,152","4,346","4,595","4,658","4,456","4,522","4,582","4,717","4,739","4,816","5,276","4,705","5,166"
North East,E08000024,Sunderland,"3,929","3,887","4,044","4,269","4,577","4,785","5,212","5,456","5,726","5,791","5,944","5,979","6,019","6,140","6,310","6,892","7,150","7,332","7,427","7,736","7,748","8,143","7,374","7,642"
North West,E07000026,Allerdale,"1,244","1,264","1,320","1,335","1,427","1,460","1,470","1,542","1,653","1,701","1,780","1,765","1,848","1,859","1,876","2,033","2,143","2,140","2,064","2,039","2,070","2,146","1,921","2,141"
North West,E07000027,Barrow-in-Furness,906,873,903,824,903,976,"1,059","1,024","1,111","1,204","1,310","1,304","1,344","1,417","1,500","1,524","1,572","1,685","1,751","1,891","1,905","2,003","1,916","1,892"
North West,E07000029,Copeland,"1,238","1,390","1,080","1,109","1,125","1,205","1,191","1,405","1,476","1,423","1,605","1,503","1,569","1,481","1,557","1,585","1,720","1,752","1,728","1,666","1,652","1,608","1,460","1,618"
North West,E07000028,Carlisle,"1,630","1,683","1,778","1,807","1,891","2,053","2,128","2,207","2,379","2,502","2,653","2,624","2,675","2,681","2,712","2,897","3,022","3,131","3,187","3,251","3,190","3,351","2,995","3,231"
North West,E07000030,Eden,901,926,967,962,"1,038","1,123","1,161","1,212","1,293","1,323","1,379","1,331","1,365","1,370","1,426","1,439","1,525","1,586","1,576","1,607","1,654","1,765","1,526","1,711"
North West,E07000031,South Lakeland,"1,504","1,555","1,620","1,681","1,794","1,933","2,007","2,078","2,235","2,298","2,389","2,280","2,360","2,317","2,437","2,453","2,550","2,686","2,766","2,925","2,914","3,180","2,897","3,121"
North West,E08000003,Manchester,"9,626","10,117","10,389","11,125","11,788","12,445","13,428","14,486","15,502","16,415","16,726","17,135","17,698","17,973","18,930","19,415","20,134","21,147","22,599","24,500","25,385","27,196","25,778","28,224"
North West,E08000006,Salford,"3,670","3,855","3,901","4,092","4,260","4,482","4,845","5,232","5,549","5,829","5,925","5,886","5,983","6,107","6,527","7,158","7,646","7,777","7,663","7,877","8,489","8,944","8,859","9,620"
North West,E08000009,Trafford,"4,709","4,941","5,141","5,468","5,767","6,027","6,228","6,511","6,818","7,136","7,259","7,079","7,214","7,283","7,503","7,881","8,033","8,593","8,993","9,536","10,051","10,214","9,617","10,409"
North West,E08000007,Stockport,"4,032","4,251","4,404","4,585","4,791","5,025","5,227","5,448","5,678","5,971","6,173","6,211","6,269","6,251","6,444","6,554","6,584","6,661","6,996","7,433","7,742","7,836","7,583","8,097"
North West,E08000008,Tameside,"2,266","2,395","2,473","2,545","2,644","2,743","2,825","2,998","3,083","3,215","3,252","3,200","3,276","3,338","3,409","3,548","3,667","3,732","3,759","3,979","4,070","4,111","3,900","4,136"
North West,E08000001,Bolton,"3,341","3,483","3,509","3,712","3,834","4,003","4,214","4,448","4,645","4,833","4,845","4,879","5,004","5,098","5,316","5,610","5,699","5,924","6,163","6,416","6,772","6,770","6,629","7,299"
North West,E08000010,Wigan,"3,206","3,371","3,495","3,652","3,786","3,955","4,111","4,313","4,491","4,661","4,604","4,489","4,606","4,698","4,819","5,141","5,292","5,640","5,823","6,021","6,125","6,139","5,945","6,480"
North West,E08000002,Bury,"2,072","2,178","2,250","2,359","2,506","2,614","2,722","2,852","2,987","3,133","3,140","3,083","3,167","3,234","3,336","3,450","3,432","3,638","3,732","3,787","3,898","4,145","3,884","4,162"
North West,E08000004,Oldham,"2,354","2,466","2,530","2,610","2,726","2,801","2,960","3,123","3,254","3,383","3,445","3,366","3,445","3,543","3,593","3,762","3,952","4,143","4,272","4,612","4,665","4,862","4,422","4,739"
North West,E08000005,Rochdale,"2,331","2,469","2,530","2,632","2,713","2,810","2,947","3,064","3,131","3,281","3,298","3,231","3,333","3,421","3,608","3,756","3,823","3,942","4,013","4,116","4,294","4,525","4,153","4,537"
North West,E06000008,Blackburn with Darwen,"1,766","1,835","1,855","1,895","1,993","2,150","2,258","2,317","2,385","2,493","2,571","2,493","2,625","2,712","2,825","2,932","3,073","3,261","3,421","3,459","3,521","3,623","3,475","3,852"
North West,E06000009,Blackpool,"1,520","1,572","1,610","1,679","1,775","1,923","2,069","2,153","2,215","2,266","2,274","2,179","2,313","2,355","2,375","2,411","2,490","2,612","2,760","2,908","3,037","3,263","3,014","3,116"
North West,E07000121,Lancaster,"1,746","1,799","1,752","1,791","1,925","2,149","2,301","2,496","2,658","2,760","2,787","2,502","2,507","2,575","2,736","2,911","2,987","3,161","3,153","3,163","3,195","3,355","3,212","3,442"
North West,E07000128,Wyre,"1,020","1,061","1,094","1,122","1,185","1,294","1,354","1,381","1,405","1,431","1,483","1,417","1,476","1,527","1,541","1,598","1,664","1,907","1,951","1,953","2,035","2,119","1,856","2,017"
North West,E07000119,Fylde,"1,840","1,982","2,110","2,238","2,253","2,455","2,685","2,816","2,820","2,940","2,936","2,709","2,704","2,698","2,686","2,717","2,494","2,703","2,905","3,137","2,836","2,914","2,715","2,922"
North West,E07000123,Preston,"2,461","2,579","2,645","2,746","2,930","3,158","3,341","3,438","3,556","3,730","3,679","3,680","3,841","3,893","4,079","4,027","4,218","4,440","4,762","4,741","4,823","4,996","4,592","4,988"
North West,E07000124,Ribble Valley,"1,103","1,172","1,217","1,275","1,314","1,427","1,533","1,584","1,600","1,643","1,646","1,494","1,527","1,627","1,668","1,820","1,893","1,995","1,910","2,025","1,956","1,822","1,948","2,211"
North West,E07000126,South Ribble,"2,088","2,136","2,216","2,245","2,367","2,562","2,677","2,722","2,718","2,935","3,020","2,830","2,917","3,000","3,089","3,271","3,547","3,741","3,904","3,993","3,948","4,043","3,991","4,345"
North West,E07000117,Burnley,"1,135","1,193","1,220","1,249","1,283","1,377","1,441","1,493","1,545","1,618","1,641","1,574","1,681","1,737","1,815","1,821","1,936","1,947","2,044","2,171","2,310","2,292","2,199","2,401"
North West,E07000120,Hyndburn,942,994,980,"1,007","1,049","1,097","1,155","1,189","1,219","1,294","1,337","1,274","1,336","1,393","1,451","1,492","1,521","1,578","1,719","1,723","1,593","1,675","1,536","1,727"
North West,E07000122,Pendle,"1,197","1,285","1,317","1,352","1,381","1,487","1,568","1,639","1,665","1,704","1,669","1,493","1,557","1,642","1,644","1,623","1,683","1,746","1,859","1,958","2,062","2,058","1,854","2,001"
North West,E07000125,Rossendale,725,749,764,772,814,874,909,925,944,985,"1,000",970,"1,018","1,059","1,049","1,087","1,156","1,227","1,225","1,231","1,232","1,281","1,143","1,254"
North West,E07000118,Chorley,"1,164","1,216","1,271","1,327","1,418","1,515","1,585","1,615","1,653","1,732","1,790","1,734","1,836","1,871","1,918","1,952","2,024","2,122","2,233","2,264","2,362","2,595","2,401","2,569"
North West,E07000127,West Lancashire,"1,441","1,486","1,505","1,542","1,633","1,743","1,841","1,863","1,906","2,002","2,067","2,049","2,141","2,200","2,230","2,265","2,413","2,472","2,709","2,842","2,926","3,071","2,891","3,084"
North West,E06000007,Warrington,"4,024","4,112","4,310","4,709","4,918","5,098","5,282","5,605","5,864","6,181","6,117","5,837","6,016","6,145","6,316","6,662","7,063","7,457","7,855","8,428","8,478","9,008","8,571","9,337"
North West,E06000049,Cheshire East,"6,581","6,898","7,166","8,255","8,529","8,281","9,189","9,768","10,459","10,690","10,598","10,299","10,832","11,345","11,915","12,212","12,976","13,533","14,726","14,728","15,091","15,649","15,004","16,078"
North West,E06000050,Cheshire West and Chester,"5,527","5,945","5,901","6,401","6,550","7,029","7,209","7,514","8,059","8,599","8,690","8,911","9,363","9,420","9,520","9,929","10,479","10,358","10,964","11,674","11,940","12,653","11,513","13,062"
North West,E06000006,Halton,"2,398","2,512","2,621","2,672","2,784","3,015","3,061","3,216","3,490","3,383","3,615","3,660","3,826","3,860","3,680","3,853","4,077","4,231","4,254","4,398","4,598","4,800","4,322","4,498"
North West,E08000011,Knowsley,"1,909","1,937","1,953","2,069","2,145","2,291","2,368","2,368","2,500","2,597","2,703","2,638","2,853","2,954","3,019","3,295","3,476","3,633","3,873","4,108","4,052","4,270","4,039","4,557"
North West,E08000013,St. Helens,"1,857","2,014","2,101","2,202","2,328","2,444","2,554","2,628","2,800","2,891","2,904","2,852","3,017","3,009","2,891","2,974","3,097","3,145","3,208","3,223","3,313","3,400","3,103","3,448"
North West,E08000012,Liverpool,"6,557","6,912","7,311","7,747","8,199","9,004","9,581","10,111","11,017","11,008","11,525","11,985","12,232","12,410","12,236","12,504","13,124","13,423","13,706","14,215","14,510","15,588","14,716","15,911"
North West,E08000014,Sefton,"2,519","2,691","2,774","2,935","3,129","3,327","3,491","3,586","3,794","3,848","3,979","3,993","4,146","4,126","4,062","4,179","4,338","4,470","4,669","4,831","5,006","5,125","4,945","5,431"
North West,E08000015,Wirral,"3,004","3,215","3,312","3,489","3,685","3,953","4,208","4,276","4,516","4,585","4,730","4,725","4,905","4,992","5,035","5,185","5,361","5,656","5,636","5,886","5,979","6,325","6,225","6,632"
Yorkshire and The Humber,E06000010,"Kingston upon Hull, City of","3,368","3,469","3,670","3,832","4,087","4,390","4,523","4,731","5,167","5,401","5,913","5,874","5,692","5,529","5,644","5,706","5,783","6,058","6,283","6,507","6,722","6,835","6,344","6,879"
Yorkshire and The Humber,E06000011,East Riding of Yorkshire,"4,197","4,204","4,390","4,604","4,970","5,298","5,669","5,894","6,207","6,302","6,360","6,073","6,007","6,059","6,197","6,416","6,735","7,039","7,199","7,549","7,979","8,310","7,924","8,603"
Yorkshire and The Humber,E06000012,North East Lincolnshire,"1,996","2,059","2,138","2,229","2,310","2,435","2,532","2,640","2,769","2,944","2,997","2,940","2,919","3,039","3,043","3,177","3,375","3,537","3,559","3,655","3,664","3,826","3,725","4,014"
Yorkshire and The Humber,E06000013,North Lincolnshire,"2,535","2,496","2,598","2,703","2,778","3,126","3,361","3,533","3,470","3,925","4,196","3,812","4,111","3,825","3,817","3,954","4,028","4,453","4,580","4,948","4,893","5,696","5,222","6,059"
Yorkshire and The Humber,E06000014,York,"3,364","3,524","3,691","3,901","4,214","4,488","4,874","5,032","5,078","5,350","5,360","5,155","5,358","5,576","5,726","5,814","5,993","6,123","6,393","6,770","6,948","7,000","6,420","6,862"
Yorkshire and The Humber,E07000163,Craven,729,747,780,824,903,953,994,"1,037","1,094","1,174","1,201","1,164","1,205","1,254","1,245","1,284","1,360","1,425","1,494","1,619","1,681","1,735","1,634","1,803"
Yorkshire and The Humber,E07000164,Hambleton,"1,439","1,480","1,536","1,619","1,757","1,848","1,949","2,046","2,091","2,170","2,237","2,121","2,179","2,289","2,281","2,385","2,448","2,499","2,570","2,675","2,688","2,764","2,577","2,858"
Yorkshire and The Humber,E07000165,Harrogate,"2,285","2,384","2,510","2,648","2,921","3,085","3,204","3,286","3,401","3,658","3,699","3,535","3,645","3,847","3,892","4,069","4,160","4,300","4,560","4,904","4,937","5,092","4,858","5,366"
Yorkshire and The Humber,E07000166,Richmondshire,674,695,730,775,838,882,949,982,"1,010","1,063","1,099","1,089","1,108","1,165","1,221","1,282","1,219","1,209","1,313","1,352","1,368","1,419","1,347","1,445"
Yorkshire and The Humber,E07000167,Ryedale,648,682,717,747,810,881,898,933,956,989,"1,007",939,979,"1,065","1,123","1,190","1,282","1,307","1,400","1,463","1,475","1,571","1,514","1,573"
Yorkshire and The Humber,E07000168,Scarborough,"1,214","1,237","1,300","1,357","1,458","1,547","1,659","1,726","1,774","1,842","1,894","1,849","1,865","1,964","1,928","1,998","2,062","2,090","2,180","2,306","2,347","2,392","2,263","2,444"
Yorkshire and The Humber,E07000169,Selby,"1,464","1,453","1,499","1,529","1,647","1,717","1,724","1,796","2,073","2,177","2,189","2,227","2,112","2,103","2,212","2,269","2,273","2,312","2,320","2,489","2,502","2,674","2,470","2,751"
Yorkshire and The Humber,E08000016,Barnsley,"2,363","2,383","2,468","2,582","2,696","2,875","3,063","3,169","3,308","3,540","3,484","3,351","3,485","3,605","3,682","3,857","4,046","4,195","4,274","4,453","4,640","4,822","4,611","5,055"
Yorkshire and The Humber,E08000017,Doncaster,"3,177","3,246","3,358","3,510","3,701","3,943","4,230","4,349","4,621","4,928","4,945","4,694","4,893","4,959","5,052","5,186","5,524","5,932","6,110","6,623","6,698","6,889","6,567","7,103"
Yorkshire and The Humber,E08000018,Rotherham,"2,886","2,919","3,028","3,168","3,359","3,567","3,714","3,867","4,007","4,285","4,287","4,114","4,330","4,467","4,714","4,768","4,945","5,161","5,285","5,514","5,595","5,759","5,431","5,955"
Yorkshire and The Humber,E08000019,Sheffield,"7,179","7,284","7,597","8,188","8,725","9,336","9,880","10,333","10,895","11,545","11,372","11,349","11,678","12,126","12,459","12,834","13,165","13,605","13,764","14,022","14,203","14,827","14,404","15,415"
Yorkshire and The Humber,E08000032,Bradford,"5,936","6,256","6,333","6,525","6,786","7,187","7,579","7,963","8,241","8,651","8,922","8,749","8,874","9,289","9,541","9,777","9,898","10,279","10,533","11,081","11,251","11,387","11,112","11,912"
Yorkshire and The Humber,E08000035,Leeds,"13,540","14,427","14,863","15,414","16,183","17,541","18,694","20,001","21,238","22,395","22,189","22,037","22,527","23,080","23,694","24,347","25,032","26,101","26,501","27,303","28,907","29,786","28,227","30,553"
Yorkshire and The Humber,E08000033,Calderdale,"2,503","2,627","2,663","2,766","2,834","3,040","3,219","3,506","3,702","3,866","3,713","3,597","3,721","3,864","3,976","4,148","4,732","5,192","5,254","5,639","5,986","6,011","5,091","5,668"
Yorkshire and The Humber,E08000034,Kirklees,"4,616","4,841","4,936","5,057","5,193","5,483","5,703","5,978","6,184","6,493","6,578","6,395","6,568","6,778","6,941","7,137","7,386","7,787","7,999","8,484","8,843","8,922","8,944","9,703"
Yorkshire and The Humber,E08000036,Wakefield,"4,602","4,843","4,997","5,196","5,382","5,670","5,886","6,143","6,356","6,568","6,695","6,550","6,532","6,703","6,878","7,130","7,194","7,659","8,005","8,308","8,789","9,160","8,813","9,771"
East Midlands,E06000015,Derby,"4,207","4,463","4,647","4,868","5,132","5,330","5,740","6,239","6,423","6,592","6,521","6,418","6,616","7,035","7,069","7,385","7,277","7,333","7,501","7,585","8,055","8,331","7,961","8,363"
East Midlands,E07000033,Bolsover,"1,181","1,200","1,215","1,260","1,274","1,291","1,340","1,416","1,452","1,505","1,582","1,544","1,607","1,631","1,707","1,724","1,734","1,935","2,045","2,159","2,303","2,346","2,248","2,465"
East Midlands,E07000034,Chesterfield,"1,329","1,368","1,412","1,495","1,574","1,630","1,728","1,850","1,903","1,984","2,023","1,963","2,083","2,114","2,217","2,249","2,330","2,479","2,553","2,631","2,729","2,777","2,879","3,200"
East Midlands,E07000038,North East Derbyshire,908,958,976,"1,001","1,038","1,088","1,127","1,200","1,220","1,250","1,293","1,222","1,283","1,353","1,386","1,421","1,536","1,658","1,667","1,661","1,749","1,828","1,792","1,954"
East Midlands,E07000032,Amber Valley,"1,717","1,751","1,737","1,778","1,850","1,911","2,000","2,131","2,203","2,286","2,354","2,217","2,341","2,403","2,534","2,617","2,743","2,819","2,890","2,932","3,042","3,209","3,138","3,407"
East Midlands,E07000035,Derbyshire Dales,"1,000","1,042","1,059","1,106","1,141","1,188","1,253","1,328","1,354","1,396","1,440","1,372","1,455","1,506","1,601","1,596","1,591","1,608","1,701","1,733","1,849","1,851","1,733","1,899"
East Midlands,E07000036,Erewash,"1,043","1,081","1,098","1,152","1,198","1,239","1,299","1,377","1,437","1,474","1,507","1,428","1,521","1,625","1,680","1,746","1,777","1,838","1,943","2,005","2,061","2,194","2,070","2,225"
East Midlands,E07000037,High Peak,"1,056","1,083","1,098","1,134","1,180","1,234","1,286","1,346","1,363","1,382","1,419","1,321","1,364","1,447","1,517","1,493","1,556","1,634","1,704","1,761","1,814","1,807","1,713","1,906"
East Midlands,E07000039,South Derbyshire,"1,444","1,472","1,471","1,475","1,552","1,656","1,736","1,884","1,845","1,867","1,975","1,812","2,096","2,184","2,309","2,640","2,753","2,702","2,916","2,931","3,127","3,577","3,520","3,620"
East Midlands,E06000018,Nottingham,"4,901","5,115","5,191","5,502","5,826","6,215","6,796","7,165","7,662","7,932","8,166","8,072","8,426","8,788","9,107","9,273","9,885","10,099","10,445","10,903","11,147","11,346","11,043","11,818"
East Midlands,E07000170,Ashfield,"1,924","1,925","1,947","1,994","2,074","2,095","2,212","2,323","2,418","2,518","2,570","2,487","2,593","2,621","2,684","2,812","2,889","2,949","3,006","3,050","3,153","3,271","3,063","3,439"
East Midlands,E07000171,Bassetlaw,"1,377","1,457","1,491","1,527","1,610","1,681","1,769","1,835","1,899","1,954","1,990","1,947","2,040","2,102","2,198","2,270","2,301","2,388","2,465","2,501","2,597","2,729","2,682","2,921"
East Midlands,E07000174,Mansfield,960,"1,004","1,016","1,053","1,101","1,164","1,242","1,316","1,373","1,425","1,447","1,383","1,435","1,499","1,553","1,568","1,641","1,721","1,777","1,826","1,940","2,044","1,971","2,125"
East Midlands,E07000175,Newark and Sherwood,"1,434","1,517","1,565","1,587","1,664","1,759","1,814","1,906","1,995","2,058","2,107","2,060","2,135","2,267","2,351","2,419","2,427","2,585","2,692","2,823","2,880","2,992","2,828","3,121"
East Midlands,E07000172,Broxtowe,"1,444","1,496","1,483","1,490","1,569","1,626","1,700","1,822","1,892","1,950","1,965","1,967","2,051","2,131","2,234","2,319","2,302","2,391","2,494","2,523","2,548","2,401","2,359","2,588"
East Midlands,E07000173,Gedling,"1,024","1,055","1,066","1,116","1,158","1,189","1,235","1,296","1,350","1,401","1,439","1,380","1,430","1,479","1,572","1,589","1,619","1,708","1,774","1,814","1,846","1,915","1,873","2,070"
East Midlands,E07000176,Rushcliffe,"1,417","1,500","1,549","1,638","1,656","1,699","1,819","1,914","1,993","2,124","2,230","2,145","2,227","2,232","2,303","2,458","2,530","2,613","2,640","2,762","3,170","3,502","3,380","3,644"
East Midlands,E06000016,Leicester,"4,231","4,364","4,585","4,705","4,844","5,185","5,556","5,812","6,228","6,569","6,756","6,687","7,044","7,220","7,434","7,777","8,360","8,685","9,048","9,167","9,517","9,887","9,477","10,193"
East Midlands,E06000017,Rutland,531,551,591,609,627,657,684,711,751,771,810,775,825,813,819,825,860,899,945,931,954,936,929,"1,022"
East Midlands,E07000129,Blaby,"1,641","1,642","1,760","1,788","1,881","2,034","2,298","2,412","2,607","2,803","2,959","3,095","3,109","2,971","3,204","3,536","3,710","3,836","3,776","3,929","3,996","4,022","3,495","4,073"
East Midlands,E07000130,Charnwood,"2,109","2,189","2,322","2,515","2,624","2,776","2,914","3,039","3,172","3,228","3,407","3,256","3,380","3,357","3,400","3,324","3,465","3,617","3,847","3,997","4,107","4,127","4,044","4,358"
East Midlands,E07000131,Harborough,"1,171","1,224","1,275","1,287","1,349","1,457","1,497","1,569","1,681","1,781","1,822","1,724","1,837","1,833","1,876","1,918","2,086","2,184","2,227","2,336","2,387","2,488","2,388","2,412"
East Midlands,E07000132,Hinckley and Bosworth,"1,336","1,358","1,450","1,495","1,535","1,627","1,684","1,735","1,893","1,995","2,110","1,938","2,099","2,125","2,186","2,312","2,440","2,470","2,517","2,664","2,708","2,763","2,666","2,975"
East Midlands,E07000133,Melton,704,718,744,758,796,821,841,846,914,965,"1,008","1,014","1,065","1,056","1,072","1,104","1,105","1,231","1,278","1,291","1,365","1,423","1,312","1,378"
East Midlands,E07000134,North West Leicestershire,"1,855","1,893","1,985","2,016","2,116","2,299","2,369","2,476","2,644","2,809","2,855","2,709","2,910","2,886","2,979","3,244","3,368","3,435","3,667","3,741","4,066","4,153","3,768","4,075"
East Midlands,E07000135,Oadby and Wigston,549,570,592,611,625,665,695,710,752,778,811,785,826,826,846,877,884,893,932,928,963,987,931,"1,008"
East Midlands,E06000062,West Northamptonshire,"6,023","6,152","6,579","6,782","7,014","7,358","7,726","8,113","8,799","9,325","9,518","9,216","9,703","9,902","9,998","10,711","11,173","11,621","12,125","12,838","13,635","14,047","13,358","14,664"
East Midlands,E06000061,North Northamptonshire,"4,076","4,203","4,394","4,478","4,527","4,822","5,034","5,204","5,463","5,745","5,950","5,685","6,046","6,037","6,346","6,606","6,928","7,182","7,427","7,640","8,012","8,211","7,846","8,482"
East Midlands,E07000136,Boston,746,754,801,870,913,966,949,999,"1,042","1,099","1,145","1,108","1,147","1,207","1,240","1,328","1,416","1,432","1,476","1,560","1,632","1,676","1,539","1,656"
East Midlands,E07000137,East Lindsey,"1,371","1,402","1,479","1,576","1,682","1,751","1,751","1,822","1,949","1,987","2,096","2,009","2,094","2,207","2,256","2,361","2,416","2,464","2,501","2,642","2,688","2,859","2,540","2,855"
East Midlands,E07000138,Lincoln,"1,359","1,396","1,426","1,525","1,624","1,765","1,781","1,876","2,045","2,171","2,313","2,274","2,327","2,359","2,378","2,516","2,594","2,751","2,774","2,869","3,018","3,114","2,898","3,139"
East Midlands,E07000139,North Kesteven,"1,349","1,393","1,452","1,559","1,659","1,740","1,719","1,786","1,927","2,010","2,096","2,012","2,074","2,121","2,232","2,353","2,461","2,491","2,491","2,726","2,917","3,088","2,946","3,200"
East Midlands,E07000140,South Holland,"1,134","1,159","1,222","1,318","1,350","1,409","1,356","1,410","1,488","1,570","1,613","1,575","1,621","1,670","1,762","1,880","1,950","1,981","2,086","2,269","2,391","2,440","2,363","2,607"
East Midlands,E07000141,South Kesteven,"1,611","1,645","1,713","1,855","1,951","2,090","2,097","2,187","2,308","2,452","2,568","2,459","2,576","2,596","2,737","2,843","2,932","2,931","2,955","3,173","3,251","3,368","3,125","3,331"
East Midlands,E07000142,West Lindsey,837,845,941,971,"1,028","1,082","1,075","1,109","1,173","1,213","1,297","1,220","1,269","1,307","1,361","1,483","1,561","1,587","1,584","1,657","1,767","1,931","1,823","2,036"
West Midlands,E06000019,"Herefordshire, County of","2,397","2,528","2,655","2,689","2,825","2,913","2,900","2,990","3,102","3,186","3,357","3,219","3,292","3,476","3,595","3,771","3,969","4,080","4,161","4,347","4,547","4,737","4,412","4,729"
West Midlands,E07000234,Bromsgrove,"1,480","1,538","1,629","1,642","1,640","1,761","1,924","2,042","2,246","2,034","2,183","2,312","2,378","2,510","2,708","2,802","2,835","2,698","2,835","3,182","3,235","3,286","3,150","3,204"
West Midlands,E07000235,Malvern Hills,927,991,"1,025","1,075","1,172","1,209","1,256","1,267","1,320","1,366","1,417","1,370","1,464","1,543","1,549","1,561","1,641","1,646","1,692","1,760","1,877","2,028","1,855","1,907"
West Midlands,E07000236,Redditch,"1,123","1,167","1,209","1,220","1,236","1,301","1,383","1,414","1,495","1,524","1,586","1,525","1,604","1,695","1,785","1,948","2,160","2,293","2,359","2,523","2,505","2,463","2,217","2,309"
West Midlands,E07000237,Worcester,"1,608","1,682","1,763","1,785","1,839","1,987","2,106","2,157","2,296","2,353","2,422","2,376","2,470","2,585","2,855","3,053","3,153","3,264","3,070","3,236","3,345","3,437","3,347","3,539"
West Midlands,E07000238,Wychavon,"1,578","1,676","1,759","1,810","1,818","1,935","2,023","2,066","2,191","2,253","2,351","2,229","2,303","2,462","2,580","2,635","2,819","2,954","3,047","3,221","3,386","3,570","3,462","3,632"
West Midlands,E07000239,Wyre Forest,987,"1,033","1,066","1,083","1,109","1,178","1,227","1,269","1,331","1,367","1,401","1,336","1,372","1,437","1,484","1,520","1,586","1,586","1,652","1,714","1,778","1,842","1,716","1,846"
West Midlands,E07000218,North Warwickshire,"1,499","1,616","1,671","1,666","1,703","1,787","1,849","1,926","2,033","2,039","2,062","1,990","2,120","2,206","2,388","2,520","2,602","2,766","2,720","3,030","3,343","3,340","3,037","3,362"
West Midlands,E07000219,Nuneaton and Bedworth,"1,121","1,187","1,231","1,259","1,280","1,344","1,416","1,469","1,547","1,585","1,646","1,563","1,623","1,724","1,831","1,999","2,151","2,207","2,201","2,393","2,502","2,614","2,439","2,622"
West Midlands,E07000220,Rugby,"1,558","1,692","1,759","1,807","1,867","1,970","2,131","2,193","2,315","2,391","2,481","2,321","2,441","2,556","2,662","2,730","2,859","3,024","3,206","3,394","3,373","3,307","3,116","3,406"
West Midlands,E07000221,Stratford-on-Avon,"2,106","2,290","2,453","2,484","2,559","2,603","2,657","2,969","3,158","3,247","3,396","3,156","3,392","3,585","3,806","4,197","4,351","4,578","4,818","5,476","5,628","5,620","4,972","5,341"
West Midlands,E07000222,Warwick,"2,658","2,830","2,900","2,944","3,106","3,452","3,591","3,726","3,932","3,999","4,135","4,085","4,239","4,438","4,638","5,116","5,584","6,113","6,303","7,010","6,977","7,158","6,659","7,362"
West Midlands,E06000020,Telford and Wrekin,"2,573","2,674","2,701","2,842","2,931","3,062","3,226","3,328","3,440","3,517","3,633","3,501","3,630","3,778","3,896","4,089","4,196","4,271","4,673","4,826","4,977","5,211","5,135","5,514"
West Midlands,E06000051,Shropshire,"3,781","3,861","3,991","4,150","4,402","4,653","4,867","5,109","5,286","5,431","5,725","5,472","5,651","5,847","5,962","6,247","6,490","6,596","6,820","6,993","7,289","7,327","6,969","7,692"
West Midlands,E06000021,Stoke-on-Trent,"3,177","3,209","3,270","3,360","3,528","3,727","3,992","4,184","4,365","4,521","4,793","4,710","4,823","5,020","5,155","5,386","5,473","5,605","5,645","5,997","6,388","6,595","6,386","7,026"
West Midlands,E07000192,Cannock Chase,"1,238","1,259","1,300","1,366","1,449","1,516","1,577","1,674","1,715","1,758","1,795","1,668","1,730","1,794","1,832","1,913","1,994","2,103","2,152","2,378","2,515","2,482","2,256","2,425"
West Midlands,E07000193,East Staffordshire,"2,396","2,426","2,495","2,528","2,694","2,841","3,080","3,235","3,299","3,316","3,452","3,146","3,410","3,595","3,616","3,704","3,728","3,908","3,924","3,770","3,885","4,037","3,630","4,015"
West Midlands,E07000194,Lichfield,"1,331","1,377","1,409","1,468","1,571","1,671","1,766","1,827","1,897","1,946","2,036","1,925","2,013","2,051","2,160","2,250","2,380","2,593","2,696","2,803","2,667","2,793","2,674","2,914"
West Midlands,E07000195,Newcastle-under-Lyme,"1,411","1,448","1,467","1,519","1,595","1,685","1,795","1,884","1,921","1,982","2,075","1,987","2,070","2,165","2,160","2,233","2,295","2,375","2,445","2,481","2,559","2,632","2,445","2,646"
West Midlands,E07000196,South Staffordshire,"1,185","1,215","1,246","1,278","1,356","1,409","1,459","1,494","1,548","1,580","1,632","1,543","1,639","1,701","1,683","1,744","1,783","1,873","1,961","2,106","2,176","2,321","2,256","2,437"
West Midlands,E07000197,Stafford,"1,909","1,911","1,978","2,048","2,150","2,276","2,344","2,423","2,533","2,636","2,778","2,725","2,868","2,949","2,992","3,114","3,234","3,295","3,495","3,628","3,655","3,727","3,480","3,749"
West Midlands,E07000198,Staffordshire Moorlands,"1,020","1,043","1,039","1,060","1,118","1,192","1,254","1,300","1,353","1,398","1,448","1,336","1,428","1,501","1,507","1,657","1,697","1,642","1,644","1,749","1,836","1,830","1,731","1,847"
West Midlands,E07000199,Tamworth,901,929,950,999,"1,046","1,103","1,170","1,224","1,258","1,295","1,319","1,237","1,294","1,334","1,276","1,308","1,378","1,503","1,590","1,747","1,889","1,905","1,788","2,030"
West Midlands,E08000025,Birmingham,"15,097","15,604","16,034","16,851","17,508","18,542","19,683","20,739","21,284","22,366","22,641","22,397","23,167","23,668","24,229","25,460","26,474","27,376","28,769","29,360","30,579","31,182","29,809","31,966"
West Midlands,E08000029,Solihull,"4,600","4,678","4,928","5,157","5,233","5,430","5,575","5,805","5,932","6,169","6,155","5,782","6,306","6,504","6,718","7,013","7,369","8,127","9,127","9,964","10,271","10,567","9,692","10,478"
West Midlands,E08000026,Coventry,"5,284","5,424","5,565","5,804","5,897","6,177","6,447","6,807","6,909","7,279","7,525","7,457","7,847","8,136","8,477","8,767","9,377","9,959","10,867","10,643","10,865","11,085","10,617","11,094"
West Midlands,E08000027,Dudley,"3,721","3,853","3,923","4,098","4,239","4,341","4,504","4,657","4,795","5,002","5,036","4,743","4,934","5,098","5,222","5,354","5,459","5,528","5,722","5,930","6,060","6,238","5,866","6,366"
West Midlands,E08000028,Sandwell,"4,121","4,183","4,226","4,322","4,493","4,699","4,847","5,015","5,225","5,303","5,391","5,263","5,396","5,407","5,584","5,767","6,244","6,532","6,864","7,155","7,501","7,370","7,091","7,355"
West Midlands,E08000030,Walsall,"3,036","3,120","3,171","3,253","3,352","3,510","3,673","3,826","3,905","4,053","4,117","3,887","4,088","4,352","4,454","4,729","5,029","5,135","5,391","5,469","5,521","5,530","5,082","5,583"
West Midlands,E08000031,Wolverhampton,"3,295","3,426","3,518","3,664","3,793","3,935","4,107","4,305","4,436","4,599","4,665","4,413","4,556","4,760","4,733","4,811","4,871","4,826","5,165","5,501","5,819","5,972","5,582","6,233"
East,E06000031,Peterborough,"3,513","3,676","3,711","3,891","3,989","4,160","4,455","4,940","5,460","5,562","5,492","5,073","5,260","5,448","5,586","5,589","6,006","5,926","6,374","7,005","7,527","7,198","6,931","7,616"
East,E07000008,Cambridge,"2,511","2,666","2,806","2,997","3,119","3,305","3,483","3,748","4,065","4,271","4,439","4,515","4,642","4,781","5,048","5,312","5,504","5,718","5,930","6,219","6,336","6,809","7,001","7,505"
East,E07000009,East Cambridgeshire,"1,052","1,078","1,131","1,193","1,303","1,343","1,322","1,399","1,469","1,512","1,603","1,587","1,617","1,690","1,724","1,786","1,878","1,942","2,046","2,159","2,192","2,380","2,312","2,370"
East,E07000010,Fenland,"1,060","1,093","1,163","1,221","1,300","1,359","1,385","1,447","1,508","1,560","1,616","1,612","1,687","1,755","1,794","1,917","1,958","1,972","2,014","2,111","2,098","2,168","2,044","2,235"
East,E07000011,Huntingdonshire,"2,395","2,531","2,655","2,771","2,898","3,048","3,150","3,294","3,521","3,656","3,774","3,720","3,921","4,005","4,076","4,184","4,388","4,524","4,808","5,012","5,091","5,444","5,118","5,482"
East,E07000012,South Cambridgeshire,"2,566","2,700","2,816","2,947","3,128","3,269","3,438","3,576","3,831","4,021","4,151","4,052","4,290","4,376","4,745","4,718","4,914","5,185","5,369","5,701","5,827","6,062","5,905","6,491"
East,E07000200,Babergh,"1,125","1,177","1,239","1,296","1,348","1,398","1,430","1,465","1,548","1,594","1,628","1,578","1,676","1,716","1,753","1,793","1,871","1,892","1,932","2,000","1,988","2,120","1,995","2,153"
East,E07000202,Ipswich,"2,239","2,354","2,431","2,534","2,608","2,780","2,997","3,302","3,620","3,654","3,626","3,514","3,489","3,533","3,663","3,897","4,085","4,231","4,499","4,566","4,658","4,838","4,598","4,974"
East,E07000203,Mid Suffolk,"1,173","1,232","1,321","1,366","1,446","1,504","1,544","1,609","1,686","1,748","1,825","1,782","1,840","1,898","1,978","2,017","2,094","2,172","2,239","2,388","2,511","2,656","2,465","2,756"
East,E07000244,East Suffolk,"3,068","3,214","3,403","3,509","3,686","3,909","4,053","4,293","4,493","4,621","4,689","4,505","4,649","4,829","5,002","5,174","5,264","5,303","5,389","5,670","5,805","6,247","5,797","6,148"
East,E07000245,West Suffolk,"2,777","2,912","3,094","3,251","3,404","3,533","3,656","3,846","4,146","4,275","4,470","4,441","4,581","4,722","4,894","5,127","5,234","5,508","5,841","6,011","6,078","6,372","5,765","6,060"
East,E07000144,Broadland,"1,417","1,442","1,549","1,601","1,707","1,823","1,872","1,935","2,115","2,244","2,444","2,634","2,666","2,604","2,734","2,930","2,934","3,097","3,387","3,840","3,679","4,490","4,019","4,417"
East,E07000145,Great Yarmouth,"1,092","1,127","1,186","1,242","1,304","1,385","1,464","1,510","1,635","1,687","1,787","1,769","1,818","1,877","2,040","2,065","2,118","2,106","1,948","1,979","1,945","2,089","1,931","2,188"
East,E07000148,Norwich,"2,020","2,132","2,263","2,389","2,477","2,617","2,771","2,997","3,258","3,340","3,356","3,328","3,412","3,520","3,634","3,892","4,035","4,091","4,172","4,380","4,376","4,663","4,298","4,521"
East,E07000146,King's Lynn and West Norfolk,"1,918","1,985","2,087","2,145","2,245","2,373","2,394","2,531","2,634","2,713","2,831","2,825","2,886","2,980","3,097","3,213","3,277","3,319","3,452","3,502","3,531","3,688","3,461","3,720"
East,E07000147,North Norfolk,"1,006","1,039","1,099","1,147","1,215","1,267","1,293","1,355","1,422","1,467","1,536","1,485","1,517","1,560","1,600","1,622","1,704","1,739","1,786","1,851","1,861","1,905","1,810","1,983"
East,E07000143,Breckland,"1,322","1,392","1,487","1,578","1,657","1,727","1,772","1,863","2,014","2,069","2,149","2,144","2,198","2,282","2,331","2,417","2,520","2,602","2,721","2,798","2,794","2,975","2,890","3,135"
East,E07000149,South Norfolk,"1,456","1,555","1,671","1,737","1,831","1,956","2,042","2,142","2,271","2,335","2,378","2,333","2,424","2,505","2,636","2,717","2,813","2,861","2,943","3,046","3,070","3,297","3,236","3,508"
East,E06000032,Luton,"3,162","3,299","3,587","3,748","3,848","4,036","4,097","4,266","4,404","4,696","4,919","4,586","4,703","4,782","4,855","5,368","5,930","6,230","6,362","6,671","6,764","7,016","5,682","5,552"
East,E07000095,Broxbourne,"1,505","1,623","1,703","1,771","1,813","1,939","1,963","2,123","2,243","2,378","2,612","2,480","2,429","2,428","2,527","2,632","2,779","2,760","2,571","2,647","2,677","2,672","2,483","2,701"
East,E07000096,Dacorum,"2,362","2,475","2,602","2,718","2,841","3,002","3,131","3,307","3,397","3,556","3,681","3,498","3,551","3,697","3,734","3,854","4,025","4,208","4,374","4,823","4,965","5,190","5,245","5,643"
East,E07000098,Hertsmere,"2,040","2,144","2,202","2,313","2,333","2,480","2,603","2,810","2,845","2,996","3,145","3,155","3,112","3,132","3,294","3,548","3,768","3,906","4,260","4,653","4,633","4,746","4,407","5,002"
East,E07000099,North Hertfordshire,"1,927","2,032","2,176","2,241","2,308","2,453","2,509","2,676","2,724","2,785","2,900","2,814","2,914","2,982","3,056","3,272","3,509","3,583","3,697","3,884","4,039","4,153","4,119","4,585"
East,E07000102,Three Rivers,"1,926","2,034","2,088","2,220","2,296","2,490","2,598","2,667","2,655","2,799","2,848","2,726","2,803","2,962","2,923","3,292","3,722","3,874","4,055","4,545","4,794","5,035","4,568","5,093"
East,E07000103,Watford,"2,081","2,182","2,303","2,430","2,551","2,742","2,923","3,083","3,214","3,407","3,507","3,441","3,403","3,521","3,659","4,002","4,334","4,800","5,146","5,638","5,580","5,436","4,758","5,042"
East,E07000240,St Albans,"2,223","2,319","2,495","2,566","2,695","2,803","2,980","3,171","3,244","3,386","3,463","3,270","3,401","3,455","3,468","3,625","3,873","4,418","4,609","4,811","4,921","5,093","4,881","5,080"
East,E07000241,Welwyn Hatfield,"2,482","2,687","2,775","2,908","3,051","3,228","3,366","3,658","3,710","3,841","3,949","3,697","3,641","3,437","3,466","3,782","4,046","4,148","4,293","4,741","5,238","6,006","5,909","5,987"
East,E07000242,East Hertfordshire,"2,212","2,441","2,572","2,678","2,751","2,901","2,963","3,262","3,534","3,748","4,215","3,978","3,794","3,687","3,450","3,481","3,713","3,806","4,340","4,402","4,397","4,668","4,249","4,620"
East,E07000243,Stevenage,"1,615","1,731","1,793","1,838","1,910","2,050","2,184","2,398","2,438","2,506","2,591","2,409","2,417","2,399","2,488","2,625","2,709","2,789","2,821","3,040","2,974","3,008","2,828","3,083"
East,E06000055,Bedford,"2,263","2,387","2,491","2,616","2,734","2,884","2,982","3,204","3,304","3,421","3,581","3,444","3,471","3,484","3,585","3,711","3,949","4,133","4,284","4,568","4,656","4,961","4,677","5,411"
East,E06000056,Central Bedfordshire,"3,306","3,453","3,669","3,795","3,970","4,146","4,235","4,463","4,538","4,681","4,862","4,636","4,824","4,970","5,106","5,478","5,800","6,071","6,511","7,014","7,142","7,133","6,550","7,047"
East,E06000033,Southend-on-Sea,"1,756","1,829","1,904","2,019","2,113","2,282","2,395","2,475","2,626","2,731","2,816","2,790","2,863","2,909","2,980","3,051","3,189","3,243","3,364","3,577","3,682","3,597","3,223","3,492"
East,E06000034,Thurrock,"2,348","2,334","2,367","2,533","2,570","2,921","3,032","3,202","3,320","3,449","3,499","3,426","3,564","3,442","3,538","3,511","3,785","4,069","4,153","4,640","4,859","4,976","4,752","5,150"
East,E07000067,Braintree,"1,811","1,823","1,941","2,050","2,085","2,287","2,348","2,417","2,505","2,581","2,633","2,524","2,657","2,648","2,702","2,810","3,109","3,393","3,876","4,361","4,261","4,034","3,679","4,109"
East,E07000071,Colchester,"2,216","2,264","2,408","2,589","2,671","2,902","2,979","3,120","3,249","3,390","3,484","3,451","3,645","3,763","3,949","4,011","4,193","4,471","4,637","4,900","5,090","5,365","4,937","5,340"
East,E07000076,Tendring,"1,233","1,263","1,300","1,372","1,400","1,528","1,597","1,642","1,685","1,737","1,821","1,701","1,795","1,816","1,842","1,886","1,945","2,051","2,147","2,305","2,327","2,433","2,297","2,574"
East,E07000072,Epping Forest,"1,912","2,012","2,099","2,261","2,409","2,617","2,682","2,759","2,944","3,091","3,077","3,044","3,206","3,222","3,194","3,204","3,398","3,777","4,133","4,441","4,586","4,590","4,109","4,480"
East,E07000073,Harlow,"1,537","1,563","1,617","1,710","1,791","1,984","2,077","2,146","2,231","2,307","2,324","2,112","2,228","2,130","2,064","2,133","2,152","2,239","2,328","2,481","2,562","2,422","2,203","2,492"
East,E07000077,Uttlesford,"1,253","1,334","1,418","1,482","1,541","1,671","1,704","1,763","1,812","1,896","1,955","1,909","2,029","2,061","2,141","2,304","2,365","2,445","2,514","2,625","2,677","2,831","2,406","2,479"
East,E07000068,Brentwood,"1,444","1,473","1,590","1,727","1,785","1,928","1,950","2,041","2,156","2,276","2,278","2,232","2,317","2,305","2,208","2,300","2,767","3,199","3,297","3,577","3,746","3,806","3,237","3,459"
East,E07000070,Chelmsford,"2,889","2,929","3,086","3,313","3,402","3,701","3,808","3,913","4,089","4,253","4,266","4,286","4,381","4,437","4,708","4,763","5,002","4,971","5,091","5,345","5,591","5,853","5,737","6,297"
East,E07000074,Maldon,671,687,731,769,791,856,871,888,924,944,989,932,992,"1,007","1,034","1,069","1,113","1,133","1,184","1,278","1,286","1,334","1,270","1,350"
East,E07000066,Basildon,"3,130","3,154","3,409","3,590","3,691","4,011","4,050","4,208","4,365","4,530","4,781","4,438","4,794","4,826","5,057","5,386","5,637","5,586","5,866","6,075","6,316","6,674","6,400","6,914"
East,E07000069,Castle Point,654,677,710,752,776,843,853,884,910,952,981,938,984,999,"1,021","1,046","1,101","1,153","1,174","1,227","1,254","1,304","1,239","1,349"
East,E07000075,Rochford,765,792,832,867,875,940,948,981,"1,014","1,037","1,070","1,012","1,050","1,072","1,136","1,196","1,256","1,335","1,408","1,454","1,482","1,554","1,534","1,658"
London,E09000001,City of London,"23,632","24,064","27,289","27,119","28,235","30,539","33,298","37,861","42,334","47,029","46,710","49,042","51,806","53,946","54,165","57,712","61,090","61,798","67,848","70,967","75,097","79,677","85,016","92,187"
London,E09000007,Camden,"10,619","11,311","12,313","12,920","13,329","14,214","15,268","16,454","17,000","18,666","19,351","19,175","19,773","20,752","21,544","23,207","25,619","29,562","33,443","34,702","35,995","36,032","32,035","35,404"
London,E09000033,Westminster,"26,982","28,740","31,555","32,587","33,722","35,379","36,867","40,295","41,915","46,415","48,440","47,387","49,567","51,087","53,935","56,859","61,205","61,315","67,352","70,897","74,644","78,009","73,470","78,385"
London,E09000013,Hammersmith and Fulham,"4,017","4,357","4,669","4,929","5,123","5,423","5,675","5,989","6,036","6,603","7,052","6,879","7,142","7,545","8,116","8,777","9,553","10,164","10,417","11,107","11,854","12,726","12,147","12,509"
London,E09000020,Kensington and Chelsea,"4,214","4,494","4,835","5,062","5,226","5,399","5,710","6,029","6,286","6,974","7,452","6,976","7,206","7,677","8,745","9,672","10,293","10,467","10,503","10,435","11,277","10,817","9,863","10,367"
London,E09000032,Wandsworth,"3,681","4,007","4,268","4,520","4,727","4,922","5,115","5,461","5,719","6,225","6,426","6,135","6,333","6,669","7,169","7,587","8,164","8,713","8,900","8,730","8,974","9,093","8,474","8,971"
London,E09000012,Hackney,"2,816","3,015","3,253","3,420","3,559","3,789","3,960","4,262","4,445","4,810","5,011","4,927","5,208","5,610","5,738","5,941","6,634","6,960","7,419","7,965","8,879","10,271","10,475","11,440"
London,E09000025,Newham,"3,159","3,296","3,519","3,675","3,829","4,024","4,150","4,365","4,504","4,820","5,093","4,929","5,246","5,505","5,894","6,112","6,396","6,717","6,960","7,325","7,523","7,945","7,404","8,234"
London,E09000030,Tower Hamlets,"12,406","12,769","14,381","14,598","15,200","16,223","17,639","19,753","21,682","24,126","25,426","26,316","27,133","29,960","29,552","31,025","32,872","33,492","35,825","38,734","38,030","37,569","37,422","40,258"
London,E09000014,Haringey,"2,175","2,329","2,456","2,596","2,690","2,804","2,929","3,104","3,167","3,438","3,507","3,354","3,596","3,784","3,952","4,009","4,390","4,626","4,600","4,726","4,855","4,911","4,480","4,934"
London,E09000019,Islington,"7,558","7,939","8,811","9,059","9,382","9,918","10,466","11,174","11,692","12,965","13,760","13,634","14,222","15,037","15,510","16,846","18,061","18,964","19,463","19,680","20,814","21,210","20,238","21,958"
London,E09000023,Lewisham,"2,094","2,220","2,361","2,534","2,630","2,813","2,934","3,131","3,278","3,514","3,647","3,444","3,632","3,877","4,057","4,101","4,374","4,512","4,507","4,536","4,595","4,723","4,416","4,719"
London,E09000028,Southwark,"7,086","7,549","8,380","8,670","8,955","9,396","9,905","10,768","11,215","12,475","13,151","13,200","14,035","15,532","16,341","16,869","16,629","17,879","19,008","19,526","21,146","22,360","20,524","22,144"
London,E09000022,Lambeth,"5,143","5,521","6,032","6,414","6,519","6,901","7,295","7,942","8,102","9,057","9,616","9,376","10,197","10,901","11,121","10,654","12,029","12,517","13,140","13,414","13,780","13,713","12,546","13,848"
London,E09000004,Bexley,"3,430","3,622","3,772","3,922","4,071","4,290","4,400","4,640","4,881","5,130","5,255","4,977","5,169","5,279","5,713","6,327","6,468","6,750","7,136","6,932","6,977","7,294","6,632","6,889"
London,E09000011,Greenwich,"2,952","3,135","3,252","3,346","3,521","3,741","3,945","4,178","4,433","4,622","4,755","4,435","4,774","4,981","5,109","5,266","5,526","5,742","5,962","6,288","6,512","6,913","5,958","6,437"
London,E09000002,Barking and Dagenham,"2,617","2,593","2,589","2,585","2,580","2,668","2,793","2,819","3,087","3,249","3,312","3,080","3,484","3,583","3,749","4,058","4,121","4,144","4,022","3,986","4,073","4,250","3,883","4,135"
London,E09000016,Havering,"3,369","3,571","3,715","3,849","3,991","4,233","4,391","4,626","4,879","5,131","5,067","4,696","4,906","4,951","5,298","5,477","5,821","6,009","6,280","6,388","6,606","6,847","6,172","6,842"
London,E09000026,Redbridge,"2,960","3,152","3,298","3,401","3,567","3,795","3,996","4,177","4,425","4,620","4,643","4,285","4,468","4,636","4,972","5,099","5,251","5,568","5,746","5,842","5,949","5,961","5,311","5,968"
London,E09000031,Waltham Forest,"2,405","2,544","2,644","2,760","2,901","3,082","3,226","3,395","3,596","3,794","3,772","3,467","3,650","3,826","4,114","4,283","4,532","4,776","4,892","4,963","5,093","5,351","4,730","5,162"
London,E09000010,Enfield,"4,261","4,529","4,737","4,935","5,165","5,534","5,786","6,042","6,427","6,809","6,815","6,254","6,658","6,811","7,091","7,359","7,739","8,168","8,382","8,326","8,911","9,313","8,344","9,151"
London,E09000006,Bromley,"4,977","5,289","5,405","5,579","5,881","6,275","6,572","6,870","7,345","7,668","7,658","7,153","7,383","7,549","7,908","8,152","8,296","8,494","8,909","9,232","9,433","9,378","8,486","9,044"
London,E09000008,Croydon,"5,724","6,040","6,365","6,567","6,762","7,179","7,473","7,880","8,186","8,788","8,738","8,314","8,389","8,489","8,582","8,794","9,623","9,751","10,052","10,341","11,124","11,864","11,243","12,332"
London,E09000021,Kingston upon Thames,"2,877","3,062","3,220","3,312","3,432","3,627","3,820","3,985","4,191","4,473","4,536","4,258","4,329","4,443","4,627","4,632","5,021","5,094","5,661","5,703","5,890","6,011","5,417","5,563"
London,E09000024,Merton,"3,453","3,683","3,844","3,946","4,006","4,176","4,316","4,538","4,740","5,015","5,043","4,649","4,836","4,991","5,243","5,622","6,000","6,150","6,341","6,242","6,353","6,634","6,019","6,784"
London,E09000029,Sutton,"2,788","2,953","3,130","3,222","3,333","3,517","3,653","3,846","4,038","4,281","4,309","3,997","4,128","4,217","4,325","4,399","4,630","4,639","4,901","4,991","4,973","5,166","4,731","5,215"
London,E09000003,Barnet,"4,770","5,126","5,339","5,524","5,781","6,130","6,380","6,659","7,115","7,469","7,427","7,055","7,374","7,640","8,260","8,463","9,006","9,358","9,801","9,904","10,235","10,599","10,137","11,206"
London,E09000005,Brent,"4,541","4,907","5,163","5,330","5,524","5,722","5,855","6,175","6,567","6,863","6,892","6,474","6,802","7,037","7,577","7,981","8,668","9,178","9,593","9,759","9,767","10,434","9,862","10,671"
London,E09000009,Ealing,"5,297","5,648","5,903","6,097","6,289","6,611","6,818","7,079","7,459","7,849","7,918","7,387","7,712","8,004","8,574","9,090","9,743","10,209","10,638","10,433","10,533","10,670","10,411","11,171"
London,E09000015,Harrow,"3,043","3,236","3,347","3,459","3,636","3,894","4,059","4,218","4,436","4,705","4,708","4,368","4,623","4,779","4,885","4,993","5,406","5,710","5,950","6,029","6,168","6,323","5,733","6,559"
London,E09000017,Hillingdon,"9,322","9,825","10,279","10,317","10,490","10,949","11,371","11,817","12,056","12,587","12,571","11,412","12,021","12,647","12,926","13,703","15,062","15,300","14,893","15,612","15,969","16,203","12,817","13,094"
London,E09000018,Hounslow,"6,761","7,269","7,836","8,155","8,430","8,684","8,872","9,360","10,509","11,393","12,136","11,793","12,327","12,658","13,427","14,686","15,964","16,816","17,870","18,009","17,868","18,647","16,131","16,777"
London,E09000027,Richmond upon Thames,"3,600","3,828","4,037","4,152","4,258","4,466","4,666","4,902","5,173","5,497","5,506","5,284","5,334","5,525","5,925","6,125","6,372","6,811","7,275","7,641","8,415","8,404","7,634","8,166"
South East,E06000036,Bracknell Forest,"2,889","3,060","3,167","3,301","3,499","3,749","3,729","3,894","4,032","4,280","4,463","4,347","4,533","4,736","4,885","4,963","5,077","5,456","5,299","5,563","5,654","5,737","5,216","5,391"
South East,E06000037,West Berkshire,"4,014","4,330","4,588","4,614","4,817","5,029","5,211","5,558","5,817","6,034","6,252","6,137","6,256","6,528","7,045","7,213","7,236","7,780","7,854","7,842","8,236","9,089","9,009","9,142"
South East,E06000038,Reading,"3,830","4,173","4,523","4,538","4,621","4,930","5,248","5,624","5,826","6,079","6,376","6,472","6,462","6,761","7,135","7,339","7,830","7,864","8,192","8,153","9,064","8,948","8,293","9,355"
South East,E06000039,Slough,"4,721","5,105","5,519","5,623","5,866","6,222","6,380","6,665","6,898","7,173","7,431","7,355","7,479","7,873","7,816","8,090","8,364","8,253","8,438","8,382","8,771","9,242","9,272","9,815"
South East,E06000040,Windsor and Maidenhead,"3,629","3,846","4,008","4,139","4,309","4,641","4,700","4,973","5,110","5,374","5,601","5,544","5,682","5,954","6,183","6,638","6,692","7,044","7,568","8,213","8,284","8,179","7,601","8,180"
South East,E06000041,Wokingham,"3,166","3,386","3,460","3,572","3,784","4,180","4,323","4,597","4,900","5,252","5,277","5,225","5,367","5,598","5,834","5,536","6,141","6,275","6,602","6,968","7,731","8,771","9,039","9,308"
South East,E06000042,Milton Keynes,"5,647","5,897","6,231","6,622","7,102","7,700","7,717","8,106","8,572","9,048","9,270","8,950","9,447","9,791","10,054","10,707","11,892","13,244","13,156","14,072","14,689","15,052","14,332","15,963"
South East,E06000060,Buckinghamshire,"9,189","9,663","10,139","10,498","10,844","11,369","11,556","12,180","12,591","13,191","13,810","13,482","13,751","14,313","14,680","15,163","15,633","15,863","16,286","16,541","17,168","18,397","17,205","18,485"
South East,E07000177,Cherwell,"2,744","2,865","3,010","3,078","3,210","3,334","3,379","3,503","3,591","3,771","3,987","3,846","3,993","4,111","4,251","4,416","4,711","4,843","4,984","5,090","5,339","5,651","5,380","5,598"
South East,E07000178,Oxford,"2,709","2,857","3,062","3,230","3,525","3,780","3,920","4,061","4,232","4,401","4,738","4,685","4,920","5,107","5,393","5,649","6,171","6,416","6,490","6,452","6,724","7,359","6,969","7,326"
South East,E07000179,South Oxfordshire,"2,425","2,544","2,614","2,611","2,777","2,919","2,927","3,083","3,159","3,314","3,421","3,291","3,454","3,602","3,621","3,843","4,020","4,332","4,050","4,227","4,388","4,798","4,868","5,044"
South East,E07000180,Vale of White Horse,"2,439","2,538","2,639","2,708","2,849","3,020","3,065","3,258","3,371","3,546","3,722","3,678","3,844","3,967","4,204","4,371","4,391","4,542","4,470","4,659","4,879","4,910","4,977","5,349"
South East,E07000181,West Oxfordshire,"1,632","1,668","1,745","1,800","1,917","1,986","1,992","2,088","2,169","2,292","2,456","2,355","2,442","2,554","2,638","2,723","2,863","2,915","3,025","3,108","3,281","3,482","3,316","3,448"
South East,E06000043,Brighton and Hove,"3,731","3,979","4,174","4,454","4,638","4,813","4,999","5,329","5,729","5,941","6,233","6,243","6,349","6,535","7,067","7,564","7,928","8,142","8,583","8,932","9,285","9,720","9,439","10,308"
South East,E07000061,Eastbourne,"1,064","1,133","1,189","1,249","1,318","1,388","1,433","1,517","1,594","1,649","1,739","1,688","1,734","1,787","1,773","1,830","1,889","1,892","2,086","2,167","2,171","2,280","2,239","2,368"
South East,E07000062,Hastings,899,939,969,"1,003","1,074","1,121","1,174","1,214","1,267","1,303","1,405","1,378","1,427","1,487","1,458","1,477","1,567","1,646","1,769","1,805","1,815","1,884","1,790","1,912"
South East,E07000063,Lewes,"1,079","1,140","1,203","1,274","1,314","1,370","1,396","1,465","1,520","1,570","1,661","1,601","1,644","1,659","1,647","1,719","1,799","1,920","1,978","2,070","2,164","2,260","2,200","2,292"
South East,E07000064,Rother,838,886,921,966,"1,008","1,052","1,080","1,138","1,194","1,238","1,304","1,251","1,267","1,280","1,275","1,341","1,416","1,513","1,582","1,565","1,566","1,647","1,610","1,787"
South East,E07000065,Wealden,"1,638","1,740","1,809","1,867","1,943","2,002","2,027","2,122","2,214","2,280","2,424","2,289","2,394","2,429","2,439","2,528","2,696","2,841","2,956","3,049","3,108","3,182","3,016","3,346"
South East,E07000207,Elmbridge,"2,730","2,924","3,113","3,211","3,230","3,327","3,419","3,534","3,785","3,897","4,023","3,862","3,997","4,159","4,244","4,461","5,370","5,981","6,340","6,678","7,042","7,591","7,363","7,577"
South East,E07000209,Guildford,"2,924","3,124","3,314","3,375","3,481","3,591","3,691","3,858","4,092","4,252","4,475","4,442","4,652","4,649","4,810","5,019","5,045","5,425","5,462","5,450","5,739","6,159","5,948","6,538"
South East,E07000212,Runnymede,"2,557","2,761","2,879","3,022","3,183","3,332","3,399","3,481","3,746","3,976","4,298","4,399","4,492","4,485","4,939","5,254","5,682","5,666","5,988","6,488","6,530","6,879","7,032","7,639"
South East,E07000213,Spelthorne,"1,784","1,946","2,092","2,145","2,169","2,251","2,306","2,483","2,601","2,658","2,780","2,682","2,768","2,836","2,895","3,014","3,091","3,210","3,260","3,320","3,461","3,699","3,646","4,052"
South East,E07000214,Surrey Heath,"1,991","2,089","2,172","2,227","2,277","2,379","2,436","2,520","2,713","2,834","2,883","2,822","3,119","3,140","3,293","3,455","3,247","3,523","3,484","3,514","3,899","4,324","4,243","4,370"
South East,E07000216,Waverley,"1,987","2,106","2,241","2,332","2,412","2,527","2,589","2,720","2,909","2,984","3,123","3,036","3,132","3,206","3,171","3,293","3,417","3,645","3,562","3,613","3,609","3,742","3,726","4,006"
South East,E07000217,Woking,"1,943","2,102","2,245","2,323","2,405","2,488","2,534","2,678","2,884","2,960","3,087","3,010","3,101","3,177","3,149","3,333","3,635","3,438","3,466","3,494","3,609","3,520","3,321","3,605"
South East,E07000208,Epsom and Ewell,"1,085","1,157","1,212","1,257","1,328","1,367","1,405","1,450","1,570","1,623","1,689","1,656","1,723","1,734","1,781","1,735","1,817","1,908","1,957","1,954","1,944","2,025","1,982","2,070"
South East,E07000210,Mole Valley,"2,157","2,305","2,448","2,557","2,639","2,707","2,877","3,070","3,340","3,466","3,564","3,507","3,610","3,670","4,321","4,815","4,830","4,300","4,435","4,453","4,562","4,641","4,296","4,427"
South East,E07000211,Reigate and Banstead,"4,464","4,697","4,824","5,009","5,127","5,213","5,610","5,939","6,699","7,010","7,018","7,264","7,399","7,251","7,371","7,579","7,501","7,470","7,131","7,478","6,642","6,711","6,044","6,684"
South East,E07000215,Tandridge,"1,175","1,266","1,318","1,353","1,418","1,471","1,497","1,554","1,646","1,718","1,787","1,693","1,783","1,803","1,766","1,859","2,051","2,185","2,212","2,146","2,165","2,239","2,094","2,269"
South East,E07000223,Adur,731,767,803,835,858,883,899,945,"1,001","1,039","1,073","1,025","1,069","1,074","1,125","1,091","1,133","1,205","1,247","1,287","1,320","1,336","1,301","1,391"
South East,E07000224,Arun,"1,423","1,501","1,551","1,631","1,701","1,780","1,813","1,873","1,938","2,009","2,122","2,016","2,130","2,182","2,258","2,392","2,476","2,517","2,671","2,733","2,868","2,932","2,744","2,998"
South East,E07000225,Chichester,"1,876","1,955","2,071","2,118","2,190","2,291","2,338","2,448","2,561","2,609","2,808","2,766","2,864","2,947","3,032","3,166","3,261","3,500","3,583","3,779","3,839","4,040","3,769","3,935"
South East,E07000229,Worthing,"1,703","2,020","2,094","2,100","2,385","2,545","2,545","2,524","2,670","2,834","2,976","2,804","2,984","3,020","3,128","3,230","3,183","3,330","3,644","4,075","4,282","4,495","4,449","4,541"
South East,E07000226,Crawley,"3,457","3,594","3,627","3,599","3,761","3,846","3,843","3,850","4,135","4,367","4,677","4,534","4,806","4,918","5,152","5,441","5,617","6,054","6,322","6,662","6,747","6,870","5,531","5,288"
South East,E07000227,Horsham,"1,961","2,132","2,215","2,274","2,410","2,498","2,532","2,657","2,777","2,901","3,093","2,956","3,101","3,175","3,230","3,089","3,222","3,305","3,519","3,579","3,940","3,994","3,851","4,090"
South East,E07000228,Mid Sussex,"1,909","2,011","2,116","2,183","2,251","2,351","2,413","2,515","2,656","2,782","2,926","2,850","2,980","3,044","3,134","3,209","3,312","3,522","3,636","3,746","3,845","4,074","3,865","4,212"
South East,E06000044,Portsmouth,"3,114","3,212","3,355","3,523","3,737","3,916","4,186","4,426","4,585","4,888","5,176","5,138","5,319","5,469","5,773","5,962","6,180","6,202","6,266","6,652","6,756","7,261","6,936","7,512"
South East,E06000045,Southampton,"3,606","3,701","3,812","4,001","4,306","4,584","5,044","5,337","5,466","5,750","6,003","6,134","6,381","6,891","7,022","7,181","7,392","7,894","7,905","8,229","8,365","8,337","7,208","7,648"
South East,E06000046,Isle of Wight,"1,380","1,439","1,510","1,567","1,682","1,766","1,877","1,945","2,051","2,109","2,208","2,128","2,225","2,325","2,392","2,576","2,698","2,789","2,791","2,899","2,948","3,150","3,028","3,098"
South East,E07000086,Eastleigh,"2,261","2,299","2,447","2,639","2,746","2,867","2,985","3,115","3,249","3,386","3,451","3,332","3,527","3,631","3,697","3,778","4,074","4,264","4,489","4,796","4,675","4,937","4,514","5,061"
South East,E07000087,Fareham,"1,718","1,745","1,831","1,896","1,938","1,996","2,086","2,196","2,262","2,359","2,471","2,358","2,493","2,612","2,766","2,876","3,060","3,077","3,255","3,397","3,386","3,534","3,361","3,651"
South East,E07000088,Gosport,697,714,743,770,800,848,886,918,950,988,"1,041","1,027","1,063","1,093","1,109","1,161","1,225","1,248","1,303","1,361","1,388","1,415","1,347","1,440"
South East,E07000090,Havant,"1,683","1,694","1,779","1,800","1,939","1,925","2,039","2,141","2,232","2,398","2,559","2,543","2,794","2,892","3,065","3,180","3,212","3,239","3,286","3,211","3,070","3,093","2,942","3,081"
South East,E07000085,East Hampshire,"1,678","1,760","1,827","1,885","1,954","2,001","2,040","2,154","2,225","2,297","2,399","2,344","2,452","2,550","2,627","2,617","2,661","2,769","2,767","2,885","2,994","3,218","3,021","3,233"
South East,E07000091,New Forest,"2,797","2,796","2,932","3,115","3,176","3,382","3,570","3,650","3,713","3,858","3,929","3,863","4,108","4,176","4,176","4,429","4,461","4,673","4,881","5,028","5,238","5,536","5,112","5,704"
South East,E07000093,Test Valley,"2,030","2,054","2,165","2,249","2,298","2,367","2,441","2,557","2,648","2,746","2,855","2,739","2,898","2,999","3,112","3,201","3,361","3,541","3,682","3,736","3,864","4,092","3,884","4,204"
South East,E07000094,Winchester,"2,460","2,565","2,711","2,833","2,932","3,026","3,225","3,436","3,568","3,834","3,989","3,963","4,143","4,270","4,493","4,675","5,027","5,390","5,564","5,971","5,920","6,132","5,527","6,034"
South East,E07000084,Basingstoke and Deane,"4,170","4,283","4,541","4,731","5,010","5,141","5,381","5,666","5,789","6,070","6,297","6,474","6,716","6,873","7,062","7,458","7,341","7,125","7,158","7,239","7,529","7,961","7,426","7,731"
South East,E07000089,Hart,"1,745","1,815","2,010","2,179","2,349","2,392","2,498","2,607","2,704","2,922","2,998","2,823","3,009","3,096","3,108","3,381","3,523","3,812","4,022","3,337","3,428","3,724","3,445","3,591"
South East,E07000092,Rushmoor,"1,652","1,684","1,788","1,962","2,082","2,179","2,327","2,451","2,547","2,757","2,907","2,883","3,058","3,159","3,214","3,280","3,355","3,535","3,891","5,129","5,804","6,609","6,662","6,618"
South East,E06000035,Medway,"2,931","3,026","3,077","3,213","3,391","3,613","3,802","4,040","4,231","4,415","4,669","4,527","4,760","4,908","5,168","5,362","5,490","5,663","5,952","6,222","6,430","6,846","6,692","7,201"
South East,E07000107,Dartford,"1,924","2,010","2,058","2,125","2,282","2,436","2,533","2,693","2,787","2,902","3,087","2,945","3,033","3,124","3,254","3,412","3,737","4,055","4,415","4,258","4,315","4,413","4,044","4,551"
South East,E07000109,Gravesham,954,980,997,"1,044","1,108","1,153","1,193","1,247","1,276","1,339","1,441","1,373","1,457","1,486","1,566","1,625","1,677","1,750","1,862","1,918","2,004","2,144","2,082","2,269"
South East,E07000113,Swale,"1,857","1,910","1,942","2,038","2,160","2,285","2,339","2,337","2,340","2,442","2,567","2,291","2,475","2,568","2,568","2,663","2,794","2,922","3,101","3,130","3,343","3,942","4,025","3,905"
South East,E07000106,Canterbury,"1,813","1,865","1,915","2,021","2,120","2,258","2,394","2,558","2,640","2,756","2,930","2,848","2,999","3,074","3,142","3,274","3,460","3,471","3,469","3,650","3,813","3,889","3,728","4,029"
South East,E07000108,Dover,"1,491","1,637","1,847","1,875","1,774","1,874","2,086","2,069","1,954","1,973","2,193","1,975","2,109","2,289","2,270","2,306","2,406","2,590","2,612","2,647","2,759","2,857","2,516","2,633"
South East,E07000112,Folkestone and Hythe,"1,201","1,241","1,282","1,290","1,346","1,432","1,503","1,648","1,744","1,826","1,930","1,883","1,923","1,998","2,055","2,124","2,144","2,294","2,465","2,596","2,576","2,656","2,358","2,633"
South East,E07000114,Thanet,"1,214","1,269","1,295","1,337","1,410","1,505","1,577","1,685","1,734","1,803","1,931","1,827","1,905","1,945","1,958","2,034","2,106","2,208","2,329","2,451","2,560","2,646","2,451","2,658"
South East,E07000105,Ashford,"1,659","1,739","1,789","1,854","1,932","2,001","2,109","2,257","2,381","2,489","2,608","2,466","2,575","2,649","2,792","2,840","3,059","3,187","3,268","3,333","3,466","3,706","3,449","3,795"
South East,E07000110,Maidstone,"2,262","2,322","2,407","2,518","2,627","2,800","2,938","3,063","3,172","3,354","3,546","3,383","3,567","3,679","3,669","3,846","4,013","4,218","4,401","4,553","4,816","5,147","5,014","5,507"
South East,E07000111,Sevenoaks,"1,867","1,918","1,963","2,064","2,148","2,268","2,387","2,564","2,654","2,763","2,825","2,657","2,812","2,967","3,196","3,440","3,572","3,851","4,165","4,284","4,609","4,580","4,340","4,712"
South East,E07000115,Tonbridge and Malling,"2,349","2,517","2,643","2,685","2,788","2,899","3,019","3,209","3,372","3,553","3,708","3,609","3,792","3,847","3,908","4,074","4,115","4,175","4,399","4,646","4,978","5,586","5,577","5,659"
South East,E07000116,Tunbridge Wells,"1,983","2,035","2,019","2,106","2,150","2,238","2,375","2,593","2,655","2,717","2,884","2,874","2,997","3,165","3,160","3,195","3,271","3,616","3,896","4,001","3,896","3,951","3,727","3,938"
South West,E06000023,"Bristol, City of","6,899","7,208","7,600","8,193","8,546","8,971","9,528","9,829","10,311","11,123","11,515","11,831","12,327","12,460","13,001","13,325","14,015","14,569","15,561","16,604","16,507","17,394","16,654","18,385"
South West,E06000022,Bath and North East Somerset,"2,491","2,601","2,759","2,895","3,057","3,200","3,320","3,441","3,583","3,732","3,855","3,762","3,976","4,047","4,167","4,188","4,360","4,431","4,568","4,679","4,780","5,095","4,731","5,078"
South West,E06000024,North Somerset,"2,526","2,641","2,751","2,883","3,010","3,158","3,319","3,418","3,519","3,675","3,784","3,633","3,803","3,875","4,030","4,238","4,486","4,624","4,873","4,941","5,156","5,361","5,028","5,253"
South West,E06000025,South Gloucestershire,"5,212","5,518","5,873","6,325","6,665","7,085","7,468","7,762","8,126","8,480","8,856","8,767","9,185","9,462","10,000","10,233","11,136","11,240","11,896","12,230","12,799","13,270","13,127","14,108"
South West,E07000078,Cheltenham,"1,755","1,838","1,960","2,108","2,188","2,292","2,419","2,492","2,563","2,677","2,801","2,780","2,999","3,003","2,957","3,017","3,255","3,306","3,420","3,551","3,670","3,864","3,745","3,967"
South West,E07000079,Cotswold,"1,883","2,020","2,078","2,186","2,219","2,330","2,495","2,771","2,811","2,958","2,967","3,057","3,213","3,080","3,000","3,223","3,327","3,164","3,481","3,782","4,120","4,313","3,886","4,156"
South West,E07000080,Forest of Dean,"1,267","1,285","1,340","1,419","1,412","1,469","1,439","1,486","1,563","1,666","1,730","1,630","1,713","1,814","1,926","1,859","1,975","1,941","1,753","1,875","2,048","2,522","2,590","2,714"
South West,E07000081,Gloucester,"1,824","1,901","1,986","2,122","2,264","2,390","2,513","2,592","2,715","2,867","2,941","2,958","3,071","3,069","3,235","3,228","3,426","3,531","3,530","3,662","3,602","3,706","3,616","3,863"
South West,E07000082,Stroud,"1,638","1,718","1,768","1,824","1,849","1,914","1,987","2,046","2,046","2,156","2,216","2,116","2,339","2,404","2,500","2,589","2,654","2,682","2,905","3,062","3,194","3,312","3,027","3,281"
South West,E07000083,Tewkesbury,"1,653","1,695","1,760","1,830","1,944","2,039","2,137","2,180","2,225","2,322","2,379","2,334","2,482","2,580","2,698","2,915","3,019","3,229","3,107","3,569","3,437","3,587","3,244","3,555"
South West,E06000030,Swindon,"4,317","4,499","4,668","5,103","5,375","5,796","6,070","6,436","6,916","7,619","8,055","8,044","8,139","8,085","8,128","8,430","9,144","9,652","9,880","9,993","10,569","10,912","9,909","10,501"
South West,E06000054,Wiltshire,"6,555","6,927","7,253","7,782","8,099","8,458","8,861","9,138","9,419","9,919","10,287","10,107","10,663","10,969","11,413","11,774","12,491","12,490","12,805","13,165","13,654","14,174","13,597","14,597"
South West,E07000187,Mendip,"1,314","1,393","1,466","1,481","1,585","1,626","1,706","1,798","1,909","1,976","2,075","2,004","2,049","2,077","2,077","2,147","2,284","2,368","2,417","2,542","2,666","2,696","2,591","2,705"
South West,E07000188,Sedgemoor,"1,337","1,420","1,465","1,491","1,532","1,594","1,699","1,774","1,847","1,893","1,967","1,922","1,990","2,049","2,173","2,205","2,353","2,443","2,510","2,832","3,065","3,111","2,791","2,918"
South West,E07000189,South Somerset,"2,375","2,528","2,702","2,727","2,786","2,926","3,113","3,252","3,385","3,375","3,511","3,427","3,553","3,710","3,741","3,717","3,923","3,932","3,983","4,310","4,389","4,548","4,303","4,664"
South West,E07000246,Somerset West and Taunton,"1,924","2,013","2,099","2,143","2,257","2,401","2,503","2,742","2,897","2,986","3,045","3,004","3,044","3,078","3,106","3,222","3,470","3,532","3,658","3,772","3,816","3,941","3,722","4,009"
South West,E06000058,"Bournemouth, Christchurch and Poole","5,389","5,706","5,980","6,168","6,338","6,772","7,121","7,547","7,922","8,243","8,552","8,486","8,578","8,790","8,937","9,486","9,861","10,043","10,643","11,492","11,512","11,923","11,187","12,151"
South West,E06000059,Dorset,"4,715","5,064","5,399","5,396","5,545","5,756","5,968","6,349","6,600","6,717","7,164","6,844","7,124","7,220","7,415","7,614","7,968","7,969","8,145","8,568","8,928","9,274","8,731","9,407"
South West,E06000052,Cornwall,"5,533","5,733","6,062","6,366","6,871","7,455","7,747","8,236","8,790","8,996","9,414","8,945","9,233","9,583","9,924","10,322","10,679","10,883","11,525","12,335","12,782","13,222","12,092","13,353"
South West,E06000053,Isles of Scilly,35,36,40,40,42,47,48,50,57,54,56,55,56,62,64,66,63,68,72,78,80,77,61,63
South West,E06000026,Plymouth,"3,096","3,269","3,321","3,499","3,639","3,869","4,247","4,384","4,660","4,733","4,930","4,831","5,074","5,265","5,451","5,617","5,772","5,983","6,174","6,379","6,559","6,757","6,254","6,687"
South West,E06000027,Torbay,"1,338","1,423","1,455","1,515","1,579","1,666","1,848","1,928","2,025","2,073","2,115","2,025","2,096","2,122","2,106","2,188","2,230","2,239","2,274","2,306","2,282","2,387","2,227","2,489"
South West,E07000040,East Devon,"1,601","1,688","1,727","1,767","1,848","1,945","2,123","2,228","2,320","2,344","2,422","2,361","2,469","2,583","2,699","2,677","2,856","2,898","2,904","3,088","3,199","3,451","3,213","3,413"
South West,E07000041,Exeter,"2,479","2,599","2,686","2,841","3,018","3,259","3,570","3,725","3,950","4,096","4,212","4,233","4,346","4,307","4,500","4,906","4,831","5,124","5,349","5,732","5,752","6,002","5,589","6,090"
South West,E07000042,Mid Devon,829,855,878,902,944,964,"1,026","1,056","1,105","1,117","1,156","1,118","1,184","1,216","1,223","1,283","1,367","1,437","1,459","1,542","1,639","1,674","1,509","1,657"
South West,E07000043,North Devon,"1,194","1,298","1,339","1,382","1,461","1,550","1,648","1,723","1,851","1,892","1,944","1,906","2,024","2,068","2,088","2,142","2,207","2,350","2,441","2,501","2,570","2,658","2,425","2,702"
South West,E07000044,South Hams,"1,225","1,277","1,316","1,377","1,445","1,546","1,653","1,720","1,802","1,824","1,874","1,785","1,886","1,973","1,972","2,009","2,140","2,187","2,210","2,256","2,365","2,382","2,207","2,440"
South West,E07000045,Teignbridge,"1,303","1,362","1,414","1,451","1,538","1,626","1,734","1,794","1,886","1,895","1,936","1,851","1,983","2,036","2,124","2,219","2,434","2,538","2,652","2,820","2,821","2,917","2,573","2,866"
South West,E07000046,Torridge,615,637,652,668,717,751,807,837,878,880,923,888,936,965,"1,008","1,032","1,099","1,082","1,114","1,172","1,179","1,205","1,100","1,217"
South West,E07000047,West Devon,532,552,563,583,623,648,695,725,763,770,789,754,794,807,800,840,881,901,929,966,978,972,908,972
Wales,W06000001,Isle of Anglesey,665,678,705,732,757,830,934,960,992,"1,003","1,011",935,943,"1,007","1,030","1,043","1,055","1,109","1,178","1,218","1,293","1,373","1,157","1,248"
Wales,W06000002,Gwynedd,"1,491","1,492","1,541","1,593","1,714","1,856","1,948","2,086","2,233","2,283","2,312","2,224","2,234","2,340","2,413","2,540","2,549","2,600","2,621","2,752","2,807","2,915","2,598","2,881"
Wales,W06000003,Conwy,"1,086","1,115","1,155","1,203","1,270","1,354","1,424","1,490","1,559","1,584","1,591","1,519","1,590","1,673","1,705","1,827","1,901","1,975","2,058","2,201","2,240","2,283","2,122","2,174"
Wales,W06000004,Denbighshire,"1,052","1,070","1,118","1,169","1,262","1,341","1,430","1,494","1,561","1,595","1,625","1,558","1,618","1,683","1,673","1,779","1,840","1,867","1,958","2,052","2,129","2,173","2,111","2,283"
Wales,W06000008,Ceredigion,824,838,876,926,987,"1,052","1,112","1,154","1,224","1,252","1,271","1,249","1,294","1,358","1,338","1,386","1,383","1,443","1,488","1,530","1,583","1,599","1,507","1,583"
Wales,W06000009,Pembrokeshire,"1,353","1,317","1,330","1,450","1,464","1,608","1,937","1,903","1,863","2,074","2,074","1,881","1,971","1,977","2,069","2,284","2,288","2,737","2,741","2,879","2,797","3,065","2,835","3,634"
Wales,W06000010,Carmarthenshire,"1,916","1,938","2,010","2,089","2,185","2,317","2,433","2,576","2,720","2,804","2,844","2,683","2,783","2,905","3,056","3,218","3,331","3,443","3,593","3,626","3,799","4,012","3,735","4,235"
Wales,W06000016,Rhondda Cynon Taf,"2,385","2,431","2,485","2,515","2,680","2,804","2,918","3,074","3,286","3,372","3,490","3,590","3,887","4,033","4,158","4,342","4,535","4,497","4,763","4,866","4,949","5,081","4,946","5,314"
Wales,W06000024,Merthyr Tydfil,627,646,687,708,739,793,871,937,967,996,"1,010",993,"1,006","1,059","1,051","1,068","1,080","1,103","1,139","1,194","1,246","1,259","1,197","1,254"
Wales,W06000018,Caerphilly,"1,740","1,763","1,837","1,865","1,921","2,015","2,112","2,198","2,301","2,350","2,385","2,347","2,440","2,602","2,646","2,771","2,853","2,996","3,208","3,306","3,421","3,561","3,296","3,536"
Wales,W06000019,Blaenau Gwent,627,631,661,668,688,706,742,781,811,827,826,789,834,884,918,930,930,971,978,"1,047","1,108","1,122","1,044","1,150"
Wales,W06000020,Torfaen,"1,044","1,058","1,123","1,137","1,194","1,292","1,361","1,429","1,512","1,516","1,508","1,446","1,519","1,602","1,590","1,684","1,715","1,696","1,679","1,770","1,888","2,021","1,867","2,029"
Wales,W06000012,Neath Port Talbot,"1,577","1,607","1,670","1,606","1,617","1,660","1,699","1,787","1,955","2,027","2,072","1,995","2,204","2,220","2,287","2,412","2,482","2,572","2,684","2,748","2,829","3,026","2,756","3,013"
Wales,W06000013,Bridgend,"1,824","1,857","1,943","1,971","2,088","2,245","2,352","2,460","2,592","2,671","2,728","2,572","2,742","2,860","2,862","3,006","3,181","3,198","3,241","3,437","3,611","3,903","3,602","3,828"
Wales,W06000011,Swansea,"2,924","2,989","3,103","3,277","3,418","3,650","3,937","4,176","4,370","4,542","4,679","4,673","4,696","4,869","4,948","5,097","5,505","5,462","5,742","5,991","6,319","6,526","6,104","6,403"
Wales,W06000021,Monmouthshire,"1,105","1,178","1,274","1,320","1,386","1,474","1,558","1,631","1,718","1,773","1,804","1,730","1,784","1,848","1,912","1,956","2,046","2,154","2,145","2,179","2,292","2,380","2,289","2,462"
Wales,W06000022,Newport,"2,243","2,332","2,465","2,511","2,578","2,798","2,955","3,053","3,211","3,351","3,237","3,183","3,337","3,459","3,544","3,522","3,518","3,668","4,035","4,183","4,550","4,643","4,258","4,543"
Wales,W06000014,Vale of Glamorgan,"1,290","1,340","1,403","1,478","1,563","1,673","1,671","1,747","1,848","1,866","1,849","1,848","1,872","1,938","2,061","2,184","2,209","2,337","2,391","2,361","2,379","2,462","2,162","2,284"
Wales,W06000015,Cardiff,"5,586","6,010","6,287","6,502","6,867","7,355","7,759","8,210","8,688","9,364","9,273","9,417","9,522","9,905","10,397","10,605","10,972","11,286","12,011","12,504","12,795","13,458","13,067","13,861"
Wales,W06000005,Flintshire,"2,304","2,334","2,450","2,497","2,525","2,656","2,764","2,869","3,073","3,124","3,268","3,192","3,422","3,807","3,970","4,102","4,107","4,309","4,534","4,740","4,870","4,959","4,751","5,371"
Wales,W06000006,Wrexham,"1,919","1,927","2,032","2,083","2,134","2,274","2,410","2,524","2,657","2,774","2,746","2,744","2,897","3,014","3,105","3,270","3,217","3,285","3,322","3,390","3,586","3,774","3,628","3,925"
Wales,W06000023,Powys,"1,422","1,465","1,550","1,623","1,684","1,831","1,913","1,969","2,038","2,120","2,066","2,036","2,105","2,189","2,259","2,323","2,405","2,504","2,575","2,574","2,658","2,692","2,548","2,689"
Northern Ireland,N09000003,Belfast,"6,087","6,494","6,947","7,311","7,616","8,373","8,835","9,353","9,861","10,349","10,516","10,507","10,372","10,714","10,908","11,371","11,585","12,059","12,914","13,650","14,111","14,642","14,008","15,555"
Northern Ireland,N09000002,"Armagh City, Banbridge and Craigavon","1,937","2,041","2,181","2,336","2,405","2,565","2,690","2,862","3,052","3,247","3,261","3,138","3,231","3,347","3,429","3,631","3,797","3,942","4,229","4,355","4,599","4,824","4,646","4,977"
Northern Ireland,N09000010,"Newry, Mourne and Down","1,567","1,671","1,799","1,896","1,959","2,102","2,208","2,349","2,497","2,584","2,648","2,531","2,567","2,710","2,814","2,950","3,125","3,206","3,395","3,517","3,636","3,855","3,690","3,843"
Northern Ireland,N09000011,Ards and North Down,"1,275","1,347","1,435","1,510","1,570","1,678","1,729","1,855","1,977","2,052","2,074","1,970","1,987","2,080","2,134","2,095","2,182","2,211","2,412","2,523","2,621","2,736","2,602","2,673"
Northern Ireland,N09000005,Derry City and Strabane,"1,509","1,588","1,657","1,715","1,774","1,983","2,039","2,219","2,383","2,403","2,484","2,458","2,455","2,536","2,633","2,696","2,749","2,800","3,012","3,161","3,233","3,468","3,447","3,639"
Northern Ireland,N09000009,Mid Ulster,"1,744","1,861","2,032","2,105","2,152","2,373","2,461","2,636","2,796","2,937","2,845","2,586","2,744","2,802","2,857","3,059","3,218","3,346","3,515","3,617","3,910","4,187","3,947","4,406"
Northern Ireland,N09000004,Causeway Coast and Glens,"1,314","1,399","1,536","1,553","1,615","1,753","1,817","1,930","2,063","2,129","2,132","2,048","2,111","2,220","2,269","2,302","2,350","2,366","2,567","2,635","2,638","2,731","2,607","2,768"
Northern Ireland,N09000001,Antrim and Newtownabbey,"1,851","1,957","2,097","2,199","2,272","2,389","2,489","2,596","2,758","2,923","2,885","2,766","2,847","2,955","3,021","3,043","3,214","3,330","3,490","3,644","3,720","3,930","3,797","3,916"
Northern Ireland,N09000007,Lisburn and Castlereagh,"1,651","1,747","1,876","1,986","2,040","2,185","2,252","2,396","2,541","2,647","2,647","2,592","2,633","2,719","2,866","2,950","3,059","3,226","3,405","3,498","3,695","3,935","3,770","4,017"
Northern Ireland,N09000008,Mid and East Antrim,"2,131","2,235","2,436","2,362","2,436","2,515","2,669","2,689","2,810","2,859","3,011","3,204","3,164","3,039","3,399","3,370","3,291","3,652","3,275","3,179","2,797","2,935","2,825","3,008"
Northern Ireland,N09000006,Fermanagh and Omagh,"1,270","1,339","1,423","1,491","1,549","1,668","1,754","1,900","2,016","2,064","2,074","2,001","2,007","2,047","2,161","2,099","2,224","2,254","2,382","2,503","2,618","2,736","2,705","2,916"
Scotland,S12000033,Aberdeen City,"5,408","5,434","5,555","5,971","6,242","6,350","6,680","7,074","8,055","9,019","10,011","9,806","10,276","10,528","11,362","12,120","12,325","11,833","10,731","10,402","10,718","11,072","9,883","10,346"
Scotland,S12000034,Aberdeenshire,"3,588","3,596","3,722","3,975","4,158","4,205","4,445","4,745","5,335","5,894","6,328","6,180","6,364","6,611","6,822","7,448","8,165","8,105","7,803","8,008","7,881","7,763","7,143","7,571"
Scotland,S12000017,Highland,"2,991","3,154","3,278","3,413","3,484","3,815","4,152","4,419","4,588","4,748","4,931","4,808","5,109","5,415","5,590","5,865","6,091","6,172","6,332","6,745","6,936","7,151","6,487","7,091"
Scotland,S12000020,Moray,"1,180","1,218","1,255","1,283","1,329","1,449","1,531","1,615","1,729","1,825","2,020","2,008","2,028","2,111","2,078","2,178","2,201","2,243","2,255","2,451","2,500","2,562","2,390","2,576"
Scotland,S12000021,North Ayrshire,"1,480","1,546","1,603","1,639","1,640","1,734","1,793","1,923","2,057","2,100","2,162","2,096","2,160","2,180","2,266","2,378","2,480","2,488","2,533","2,591","2,635","2,730","2,632","2,900"
Scotland,S12000035,Argyll and Bute,"1,152","1,216","1,262","1,338","1,367","1,477","1,593","1,726","1,788","1,850","1,934","1,902","1,921","2,006","2,060","2,100","2,139","2,115","2,181","2,334","2,325","2,438","2,222","2,402"
Scotland,S12000013,Na h-Eileanan Siar,289,311,320,345,350,381,417,440,460,471,501,488,520,545,551,546,563,556,555,580,603,648,620,669
Scotland,S12000023,Orkney Islands,300,319,339,358,361,396,439,476,482,502,537,536,550,593,610,589,602,624,614,618,585,624,562,615
Scotland,S12000027,Shetland Islands,420,436,434,456,465,490,539,568,594,605,650,698,707,767,774,809,864,812,792,845,838,886,819,865
Scotland,S12000041,Angus,"1,238","1,269","1,317","1,346","1,392","1,473","1,502","1,586","1,761","1,836","1,880","1,805","1,847","1,906","1,961","2,057","2,190","2,149","2,269","2,285","2,424","2,569","2,281","2,461"
Scotland,S12000042,Dundee City,"2,069","2,094","2,247","2,338","2,442","2,618","2,756","2,852","2,945","3,068","3,116","3,102","3,162","3,305","3,386","3,469","3,573","3,657","3,686","3,779","3,863","4,022","3,822","4,114"
Scotland,S12000005,Clackmannanshire,507,532,549,552,580,620,661,704,758,813,839,814,813,846,850,869,961,"1,003","1,059","1,068","1,177","1,238","1,205","1,279"
Scotland,S12000047,Fife,"4,427","4,516","4,688","4,830","5,057","5,291","5,574","5,821","6,319","6,557","6,828","6,547","6,709","6,848","7,049","7,336","7,658","7,840","8,122","8,334","8,380","8,673","8,364","9,235"
Scotland,S12000010,East Lothian,905,924,957,992,"1,060","1,132","1,187","1,232","1,352","1,417","1,430","1,384","1,433","1,486","1,531","1,669","1,771","1,824","1,901","2,008","2,111","2,193","2,083","2,282"
Scotland,S12000019,Midlothian,805,841,901,932,969,"1,045","1,086","1,118","1,143","1,188","1,250","1,199","1,235","1,292","1,348","1,460","1,565","1,659","1,705","1,777","1,883","1,961","1,936","2,085"
Scotland,S12000036,City of Edinburgh,"10,504","10,683","11,500","12,346","13,272","14,400","15,410","16,340","17,223","18,116","18,187","18,860","18,777","19,120","19,750","20,566","21,283","21,812","23,636","25,138","26,049","27,054","25,251","27,258"
Scotland,S12000014,Falkirk,"2,349","2,343","2,421","2,515","2,608","2,813","3,002","3,189","3,400","3,467","3,702","3,610","3,706","3,687","3,693","3,837","3,967","4,128","4,166","4,275","4,456","4,674","4,400","4,892"
Scotland,S12000048,Perth and Kinross,"2,379","2,301","2,285","2,344","2,521","2,708","2,817","2,957","3,333","3,456","3,508","3,625","3,564","3,671","3,964","4,272","4,455","4,675","4,686","4,784","4,847","4,967","4,495","4,819"
Scotland,S12000030,Stirling,"1,435","1,498","1,592","1,704","1,778","1,925","2,027","2,150","2,225","2,393","2,374","2,394","2,365","2,417","2,497","2,608","2,621","2,608","2,631","2,778","2,750","2,961","2,759","2,965"
Scotland,S12000040,West Lothian,"2,562","2,653","2,707","2,795","2,959","3,135","3,345","3,473","3,699","3,884","4,024","3,845","3,994","4,203","4,276","4,227","4,445","4,728","4,818","5,060","5,315","5,479","5,347","5,761"
Scotland,S12000039,West Dunbartonshire,"1,008","1,037","1,089","1,169","1,214","1,276","1,373","1,461","1,554","1,570","1,651","1,603","1,649","1,705","1,651","1,672","1,746","1,770","1,907","2,016","2,126","2,191","1,967","2,111"
Scotland,S12000045,East Dunbartonshire,907,937,962,"1,005","1,032","1,100","1,143","1,199","1,260","1,270","1,295","1,220","1,234","1,294","1,342","1,398","1,511","1,556","1,607","1,731","1,760","1,814","1,646","1,756"
Scotland,S12000049,Glasgow City,"11,760","12,186","12,630","13,379","13,637","14,413","15,588","16,778","17,717","18,312","18,976","18,822","18,529","19,225","19,490","20,507","21,190","21,470","21,907","23,043","23,604","24,782","23,797","25,560"
Scotland,S12000011,East Renfrewshire,691,719,754,780,812,854,885,910,938,954,"1,001",934,969,"1,004","1,061","1,139","1,221","1,260","1,299","1,394","1,400","1,425","1,350","1,420"
Scotland,S12000038,Renfrewshire,"2,607","2,650","2,793","2,913","3,010","3,126","3,277","3,442","3,609","3,571","3,751","3,611","3,656","3,814","3,855","4,068","4,436","4,587","4,536","4,855","5,019","5,179","4,722","5,049"
Scotland,S12000018,Inverclyde,935,926,979,"1,043","1,105","1,169","1,259","1,293","1,324","1,336","1,407","1,375","1,365","1,426","1,487","1,448","1,517","1,536","1,536","1,538","1,479","1,447","1,301","1,342"
Scotland,S12000050,North Lanarkshire,"4,240","4,290","4,426","4,671","4,876","5,154","5,464","5,790","6,105","6,213","6,591","6,369","6,464","6,676","6,800","7,075","7,806","7,914","8,130","8,668","8,932","9,264","8,814","9,370"
Scotland,S12000026,Scottish Borders,"1,456","1,456","1,502","1,569","1,633","1,714","1,759","1,862","1,964","2,008","2,103","2,042","2,068","2,153","2,200","2,292","2,494","2,514","2,549","2,632","2,758","2,830","2,729","2,922"
Scotland,S12000006,Dumfries and Galloway,"2,127","2,210","2,343","2,492","2,550","2,663","2,817","2,950","3,095","3,134","3,307","3,209","3,195","3,347","3,405","3,580","3,763","3,748","3,839","3,990","4,014","4,185","3,909","4,070"
Scotland,S12000008,East Ayrshire,"1,231","1,277","1,328","1,410","1,453","1,498","1,581","1,718","1,837","1,896","1,952","1,915","1,941","1,988","2,007","2,021","2,067","2,134","2,175","2,330","2,293","2,274","2,163","2,350"
Scotland,S12000028,South Ayrshire,"1,542","1,579","1,689","1,762","1,833","1,904","2,020","2,140","2,245","2,241","2,335","2,296","2,386","2,434","2,439","2,438","2,562","2,618","2,660","2,781","2,834","2,879","2,572","2,786"
Scotland,S12000029,South Lanarkshire,"3,932","4,011","4,093","4,287","4,483","4,754","4,998","5,374","5,804","5,912","6,264","6,124","6,164","6,312","6,498","6,831","7,094","7,189","7,338","7,756","7,786","7,935","7,473","8,240"
